,FRM30@SURVEYS
.desc,FHLMC: 30-Year Fixed-Rate Mortgages: U.S. (%)
.source,Freddie Mac
.dtlm,Thu Feb 09 2023 12:08:39 GMT-0500 (Eastern Standard Time)
.frq,Week
1 APR 1971,7.33
8 APR 1971,7.31
15 APR 1971,7.31
22 APR 1971,7.31
29 APR 1971,7.29
6 MAY 1971,7.38
13 MAY 1971,7.42
20 MAY 1971,7.44
27 MAY 1971,7.46
3 JUN 1971,7.52
10 JUN 1971,7.52
17 JUN 1971,7.54
24 JUN 1971,7.54
1 JUL 1971,7.54
8 JUL 1971,7.54
15 JUL 1971,7.60
22 JUL 1971,7.65
29 JUL 1971,7.69
5 AUG 1971,7.66
12 AUG 1971,7.73
19 AUG 1971,7.71
26 AUG 1971,7.69
2 SEP 1971,7.71
9 SEP 1971,7.67
16 SEP 1971,7.70
23 SEP 1971,7.67
30 SEP 1971,7.67
7 OCT 1971,7.63
14 OCT 1971,7.63
21 OCT 1971,7.58
28 OCT 1971,7.63
4 NOV 1971,7.59
11 NOV 1971,7.56
18 NOV 1971,7.54
25 NOV 1971,7.51
2 DEC 1971,7.49
9 DEC 1971,7.47
16 DEC 1971,7.48
23 DEC 1971,7.48
30 DEC 1971,7.48
6 JAN 1972,7.46
13 JAN 1972,7.46
20 JAN 1972,7.43
27 JAN 1972,7.40
3 FEB 1972,7.35
10 FEB 1972,7.33
17 FEB 1972,7.31
24 FEB 1972,7.31
2 MAR 1972,7.32
9 MAR 1972,7.32
16 MAR 1972,7.31
23 MAR 1972,7.31
30 MAR 1972,7.23
6 APR 1972,7.25
13 APR 1972,7.29
20 APR 1972,7.29
27 APR 1972,7.33
4 MAY 1972,7.33
11 MAY 1972,7.38
18 MAY 1972,7.38
25 MAY 1972,7.40
1 JUN 1972,7.36
8 JUN 1972,7.38
15 JUN 1972,7.38
22 JUN 1972,7.36
29 JUN 1972,7.38
6 JUL 1972,7.38
13 JUL 1972,7.40
20 JUL 1972,7.40
27 JUL 1972,7.40
3 AUG 1972,7.35
10 AUG 1972,7.41
17 AUG 1972,7.42
24 AUG 1972,7.42
31 AUG 1972,7.42
7 SEP 1972,7.42
14 SEP 1972,7.42
21 SEP 1972,7.41
28 SEP 1972,7.43
5 OCT 1972,7.41
12 OCT 1972,7.41
19 OCT 1972,7.44
26 OCT 1972,7.42
2 NOV 1972,7.43
9 NOV 1972,7.42
16 NOV 1972,7.42
23 NOV 1972,7.44
30 NOV 1972,7.45
7 DEC 1972,7.43
14 DEC 1972,7.43
21 DEC 1972,7.45
28 DEC 1972,7.45
4 JAN 1973,7.44
11 JAN 1973,7.44
18 JAN 1973,7.44
25 JAN 1973,7.43
1 FEB 1973,7.43
8 FEB 1973,7.43
15 FEB 1973,7.45
22 FEB 1973,7.45
1 MAR 1973,7.45
8 MAR 1973,7.45
15 MAR 1973,7.45
22 MAR 1973,7.45
29 MAR 1973,7.49
5 APR 1973,7.51
12 APR 1973,7.54
19 APR 1973,7.56
26 APR 1973,7.56
3 MAY 1973,7.58
10 MAY 1973,7.64
17 MAY 1973,7.69
24 MAY 1973,7.70
31 MAY 1973,7.70
7 JUN 1973,7.73
14 JUN 1973,7.73
21 JUN 1973,7.75
28 JUN 1973,7.76
5 JUL 1973,7.89
12 JUL 1973,8.01
19 JUL 1973,8.12
26 JUL 1973,8.18
2 AUG 1973,8.26
9 AUG 1973,8.40
16 AUG 1973,8.55
23 AUG 1973,8.61
30 AUG 1973,8.66
6 SEP 1973,8.77
13 SEP 1973,8.81
20 SEP 1973,8.83
27 SEP 1973,8.85
4 OCT 1973,8.82
11 OCT 1973,8.83
18 OCT 1973,8.75
25 OCT 1973,8.68
1 NOV 1973,8.62
8 NOV 1973,8.59
15 NOV 1973,8.58
22 NOV 1973,8.57
29 NOV 1973,8.55
6 DEC 1973,8.53
13 DEC 1973,8.53
20 DEC 1973,8.53
27 DEC 1973,8.56
3 JAN 1974,8.56
10 JAN 1974,8.53
17 JAN 1974,8.55
24 JAN 1974,8.52
31 JAN 1974,8.48
7 FEB 1974,8.46
14 FEB 1974,8.46
21 FEB 1974,8.42
28 FEB 1974,8.41
7 MAR 1974,8.41
14 MAR 1974,8.40
21 MAR 1974,8.40
28 MAR 1974,8.41
4 APR 1974,8.44
11 APR 1974,8.53
18 APR 1974,8.63
25 APR 1974,8.73
2 MAY 1974,8.87
9 MAY 1974,8.98
16 MAY 1974,8.97
23 MAY 1974,9.01
30 MAY 1974,9.03
6 JUN 1974,9.06
13 JUN 1974,9.11
20 JUN 1974,9.07
27 JUN 1974,9.10
4 JUL 1974,9.14
11 JUL 1974,9.19
18 JUL 1974,9.37
25 JUL 1974,9.42
1 AUG 1974,9.47
8 AUG 1974,9.50
15 AUG 1974,9.60
22 AUG 1974,9.62
29 AUG 1974,9.74
5 SEP 1974,9.88
12 SEP 1974,9.92
19 SEP 1974,10.00
26 SEP 1974,10.03
3 OCT 1974,10.02
10 OCT 1974,9.96
17 OCT 1974,9.99
24 OCT 1974,9.94
31 OCT 1974,9.87
7 NOV 1974,9.81
14 NOV 1974,9.81
21 NOV 1974,9.73
28 NOV 1974,9.72
5 DEC 1974,9.69
12 DEC 1974,9.63
19 DEC 1974,9.58
26 DEC 1974,9.56
2 JAN 1975,9.60
9 JAN 1975,9.49
16 JAN 1975,9.43
23 JAN 1975,9.35
30 JAN 1975,9.29
6 FEB 1975,9.20
13 FEB 1975,9.13
20 FEB 1975,9.07
27 FEB 1975,9.02
6 MAR 1975,9.00
13 MAR 1975,8.89
20 MAR 1975,8.86
27 MAR 1975,8.86
3 APR 1975,8.83
10 APR 1975,8.81
17 APR 1975,8.80
24 APR 1975,8.84
1 MAY 1975,8.92
8 MAY 1975,8.88
15 MAY 1975,8.92
22 MAY 1975,8.92
29 MAY 1975,8.89
5 JUN 1975,8.89
12 JUN 1975,8.90
19 JUN 1975,8.88
26 JUN 1975,8.90
3 JUL 1975,8.88
10 JUL 1975,8.90
17 JUL 1975,8.89
24 JUL 1975,8.89
31 JUL 1975,8.89
7 AUG 1975,8.89
14 AUG 1975,8.93
21 AUG 1975,8.98
28 AUG 1975,9.02
4 SEP 1975,9.08
11 SEP 1975,9.16
18 SEP 1975,9.14
25 SEP 1975,9.14
2 OCT 1975,9.20
9 OCT 1975,9.21
16 OCT 1975,9.21
23 OCT 1975,9.26
30 OCT 1975,9.24
6 NOV 1975,9.19
13 NOV 1975,9.16
20 NOV 1975,9.12
27 NOV 1975,9.11
4 DEC 1975,9.11
11 DEC 1975,9.11
18 DEC 1975,9.08
25 DEC 1975,9.09
1 JAN 1976,9.10
8 JAN 1976,9.07
15 JAN 1976,9.01
22 JAN 1976,9.00
29 JAN 1976,8.90
5 FEB 1976,8.86
12 FEB 1976,8.83
19 FEB 1976,8.81
26 FEB 1976,8.75
4 MAR 1976,8.77
11 MAR 1976,8.75
18 MAR 1976,8.75
25 MAR 1976,8.75
1 APR 1976,8.70
8 APR 1976,8.70
15 APR 1976,8.75
22 APR 1976,8.75
29 APR 1976,8.75
6 MAY 1976,8.75
13 MAY 1976,8.75
20 MAY 1976,8.78
27 MAY 1976,8.78
3 JUN 1976,8.78
10 JUN 1976,8.83
17 JUN 1976,8.88
24 JUN 1976,8.90
1 JUL 1976,8.93
8 JUL 1976,8.93
15 JUL 1976,8.93
22 JUL 1976,8.90
29 JUL 1976,8.98
5 AUG 1976,9.00
12 AUG 1976,9.00
19 AUG 1976,9.00
26 AUG 1976,9.00
2 SEP 1976,9.00
9 SEP 1976,8.97
16 SEP 1976,8.97
23 SEP 1976,8.97
30 SEP 1976,8.90
7 OCT 1976,8.95
14 OCT 1976,8.95
21 OCT 1976,8.95
28 OCT 1976,8.90
4 NOV 1976,8.85
11 NOV 1976,8.80
18 NOV 1976,8.80
25 NOV 1976,8.80
2 DEC 1976,8.80
9 DEC 1976,8.80
16 DEC 1976,8.80
23 DEC 1976,8.78
30 DEC 1976,8.78
6 JAN 1977,8.70
13 JAN 1977,8.73
20 JAN 1977,8.73
27 JAN 1977,8.73
3 FEB 1977,8.68
10 FEB 1977,8.70
17 FEB 1977,8.65
24 FEB 1977,8.65
3 MAR 1977,8.65
10 MAR 1977,8.70
17 MAR 1977,8.70
24 MAR 1977,8.70
31 MAR 1977,8.70
7 APR 1977,8.75
14 APR 1977,8.75
21 APR 1977,8.78
28 APR 1977,8.78
5 MAY 1977,8.78
12 MAY 1977,8.83
19 MAY 1977,8.85
26 MAY 1977,8.85
2 JUN 1977,8.85
9 JUN 1977,8.85
16 JUN 1977,8.85
23 JUN 1977,8.88
30 JUN 1977,8.95
7 JUL 1977,8.93
14 JUL 1977,8.95
21 JUL 1977,8.95
28 JUL 1977,8.93
4 AUG 1977,8.95
11 AUG 1977,8.95
18 AUG 1977,8.93
25 AUG 1977,8.93
1 SEP 1977,8.88
8 SEP 1977,8.90
15 SEP 1977,8.90
22 SEP 1977,8.90
29 SEP 1977,8.90
6 OCT 1977,8.93
13 OCT 1977,8.93
20 OCT 1977,8.93
27 OCT 1977,8.90
3 NOV 1977,8.90
10 NOV 1977,8.93
17 NOV 1977,8.93
24 NOV 1977,8.93
1 DEC 1977,8.95
8 DEC 1977,8.95
15 DEC 1977,8.95
22 DEC 1977,8.95
29 DEC 1977,9.00
5 JAN 1978,9.00
12 JAN 1978,9.03
19 JAN 1978,8.98
26 JAN 1978,9.05
2 FEB 1978,9.13
9 FEB 1978,9.15
16 FEB 1978,9.15
23 FEB 1978,9.15
2 MAR 1978,9.15
9 MAR 1978,9.15
16 MAR 1978,9.23
23 MAR 1978,9.23
30 MAR 1978,9.25
6 APR 1978,9.28
13 APR 1978,9.33
20 APR 1978,9.38
27 APR 1978,9.43
4 MAY 1978,9.48
11 MAY 1978,9.55
18 MAY 1978,9.58
25 MAY 1978,9.68
1 JUN 1978,9.68
8 JUN 1978,9.70
15 JUN 1978,9.73
22 JUN 1978,9.70
29 JUN 1978,9.73
6 JUL 1978,9.73
13 JUL 1978,9.73
20 JUL 1978,9.75
27 JUL 1978,9.75
3 AUG 1978,9.78
10 AUG 1978,9.78
17 AUG 1978,9.78
24 AUG 1978,9.80
31 AUG 1978,9.75
7 SEP 1978,9.75
14 SEP 1978,9.75
21 SEP 1978,9.75
28 SEP 1978,9.78
5 OCT 1978,9.85
12 OCT 1978,9.85
19 OCT 1978,9.85
26 OCT 1978,9.88
2 NOV 1978,9.90
9 NOV 1978,10.05
16 NOV 1978,10.20
23 NOV 1978,10.28
30 NOV 1978,10.30
7 DEC 1978,10.35
14 DEC 1978,10.35
21 DEC 1978,10.35
28 DEC 1978,10.38
4 JAN 1979,10.38
11 JAN 1979,10.38
18 JAN 1979,10.40
25 JAN 1979,10.40
1 FEB 1979,10.40
8 FEB 1979,10.43
15 FEB 1979,10.40
22 FEB 1979,10.40
1 MAR 1979,10.43
8 MAR 1979,10.40
15 MAR 1979,10.40
22 MAR 1979,10.45
29 MAR 1979,10.45
5 APR 1979,10.48
12 APR 1979,10.48
19 APR 1979,10.50
26 APR 1979,10.53
3 MAY 1979,10.60
10 MAY 1979,10.68
17 MAY 1979,10.73
24 MAY 1979,10.75
31 MAY 1979,10.90
7 JUN 1979,11.03
14 JUN 1979,11.05
21 JUN 1979,11.10
28 JUN 1979,11.10
5 JUL 1979,11.13
12 JUL 1979,11.08
19 JUL 1979,11.08
26 JUL 1979,11.08
2 AUG 1979,11.08
9 AUG 1979,11.08
16 AUG 1979,11.08
23 AUG 1979,11.10
30 AUG 1979,11.13
6 SEP 1979,11.20
13 SEP 1979,11.30
20 SEP 1979,11.35
27 SEP 1979,11.35
4 OCT 1979,11.35
11 OCT 1979,11.45
18 OCT 1979,11.75
25 OCT 1979,12.00
1 NOV 1979,12.80
8 NOV 1979,12.85
15 NOV 1979,12.80
22 NOV 1979,12.80
29 NOV 1979,12.90
6 DEC 1979,12.90
13 DEC 1979,12.90
20 DEC 1979,12.90
27 DEC 1979,12.90
3 JAN 1980,12.85
10 JAN 1980,12.90
17 JAN 1980,12.87
24 JAN 1980,12.89
31 JAN 1980,12.85
7 FEB 1980,12.85
14 FEB 1980,12.88
21 FEB 1980,13.03
28 FEB 1980,13.59
6 MAR 1980,14.00
13 MAR 1980,15.40
20 MAR 1980,15.70
27 MAR 1980,16.03
3 APR 1980,16.35
10 APR 1980,16.35
17 APR 1980,16.35
24 APR 1980,16.25
1 MAY 1980,15.90
8 MAY 1980,14.68
15 MAY 1980,14.15
22 MAY 1980,13.38
29 MAY 1980,13.20
5 JUN 1980,13.06
12 JUN 1980,12.85
19 JUN 1980,12.58
26 JUN 1980,12.35
3 JUL 1980,12.18
10 JUL 1980,12.23
17 JUL 1980,12.18
24 JUL 1980,12.18
31 JUL 1980,12.25
7 AUG 1980,12.25
14 AUG 1980,12.55
21 AUG 1980,12.80
28 AUG 1980,12.95
4 SEP 1980,13.03
11 SEP 1980,13.08
18 SEP 1980,13.25
25 SEP 1980,13.43
2 OCT 1980,13.60
9 OCT 1980,13.73
16 OCT 1980,13.78
23 OCT 1980,13.85
30 OCT 1980,14.00
6 NOV 1980,14.08
13 NOV 1980,14.18
20 NOV 1980,14.28
27 NOV 1980,14.28
4 DEC 1980,14.43
11 DEC 1980,14.83
18 DEC 1980,14.95
25 DEC 1980,14.95
1 JAN 1981,14.95
8 JAN 1981,14.80
15 JAN 1981,14.85
22 JAN 1981,14.85
29 JAN 1981,15.07
5 FEB 1981,15.00
12 FEB 1981,15.03
19 FEB 1981,15.20
26 FEB 1981,15.30
5 MAR 1981,15.40
12 MAR 1981,15.40
19 MAR 1981,15.40
26 MAR 1981,15.40
2 APR 1981,15.40
9 APR 1981,15.50
16 APR 1981,15.65
23 APR 1981,15.77
30 APR 1981,15.82
7 MAY 1981,16.12
14 MAY 1981,16.64
21 MAY 1981,16.63
28 MAY 1981,16.80
4 JUN 1981,16.76
11 JUN 1981,16.69
18 JUN 1981,16.71
25 JUN 1981,16.62
2 JUL 1981,16.64
9 JUL 1981,16.79
16 JUL 1981,16.74
23 JUL 1981,16.88
30 JUL 1981,17.11
6 AUG 1981,17.13
13 AUG 1981,17.27
20 AUG 1981,17.26
27 AUG 1981,17.48
3 SEP 1981,17.79
10 SEP 1981,18.22
17 SEP 1981,18.27
24 SEP 1981,18.36
1 OCT 1981,18.28
8 OCT 1981,18.63
15 OCT 1981,18.53
22 OCT 1981,18.39
29 OCT 1981,18.44
5 NOV 1981,18.37
12 NOV 1981,18.02
19 NOV 1981,17.70
26 NOV 1981,17.21
3 DEC 1981,16.90
10 DEC 1981,16.94
17 DEC 1981,16.90
24 DEC 1981,16.95
31 DEC 1981,17.04
7 JAN 1982,17.30
14 JAN 1982,17.44
21 JAN 1982,17.61
28 JAN 1982,17.59
4 FEB 1982,17.56
11 FEB 1982,17.65
18 FEB 1982,17.66
25 FEB 1982,17.52
4 MAR 1982,17.29
11 MAR 1982,17.19
18 MAR 1982,17.12
25 MAR 1982,17.04
1 APR 1982,16.95
8 APR 1982,16.91
15 APR 1982,16.93
22 APR 1982,16.86
29 APR 1982,16.81
6 MAY 1982,16.78
13 MAY 1982,16.63
20 MAY 1982,16.67
27 MAY 1982,16.63
3 JUN 1982,16.65
10 JUN 1982,16.70
17 JUN 1982,16.71
24 JUN 1982,16.73
1 JUL 1982,16.87
8 JUL 1982,16.93
15 JUL 1982,16.88
22 JUL 1982,16.75
29 JUL 1982,16.65
5 AUG 1982,16.55
12 AUG 1982,16.44
19 AUG 1982,16.21
26 AUG 1982,15.88
2 SEP 1982,15.59
9 SEP 1982,15.56
16 SEP 1982,15.38
23 SEP 1982,15.19
30 SEP 1982,15.13
7 OCT 1982,14.96
14 OCT 1982,14.60
21 OCT 1982,14.20
28 OCT 1982,14.15
4 NOV 1982,13.91
11 NOV 1982,13.84
18 NOV 1982,13.78
25 NOV 1982,13.77
2 DEC 1982,13.66
9 DEC 1982,13.66
16 DEC 1982,13.63
23 DEC 1982,13.60
30 DEC 1982,13.57
6 JAN 1983,13.46
13 JAN 1983,13.31
20 JAN 1983,13.12
27 JAN 1983,13.10
3 FEB 1983,13.06
10 FEB 1983,13.06
17 FEB 1983,13.07
24 FEB 1983,12.98
3 MAR 1983,12.74
10 MAR 1983,12.79
17 MAR 1983,12.81
24 MAR 1983,12.86
31 MAR 1983,12.82
7 APR 1983,12.82
14 APR 1983,12.79
21 APR 1983,12.75
28 APR 1983,12.73
5 MAY 1983,12.71
12 MAY 1983,12.59
19 MAY 1983,12.55
26 MAY 1983,12.68
2 JUN 1983,12.74
9 JUN 1983,12.82
16 JUN 1983,12.96
23 JUN 1983,12.96
30 JUN 1983,13.08
7 JUL 1983,13.30
14 JUL 1983,13.50
21 JUL 1983,13.58
28 JUL 1983,13.65
4 AUG 1983,13.73
11 AUG 1983,13.84
18 AUG 1983,13.89
25 AUG 1983,13.78
1 SEP 1983,13.77
8 SEP 1983,13.77
15 SEP 1983,13.72
22 SEP 1983,13.72
29 SEP 1983,13.65
6 OCT 1983,13.59
13 OCT 1983,13.60
20 OCT 1983,13.52
27 OCT 1983,13.43
3 NOV 1983,13.42
10 NOV 1983,13.47
17 NOV 1983,13.42
24 NOV 1983,13.43
1 DEC 1983,13.41
8 DEC 1983,13.38
15 DEC 1983,13.42
22 DEC 1983,13.46
29 DEC 1983,13.43
5 JAN 1984,13.43
12 JAN 1984,13.40
19 JAN 1984,13.35
26 JAN 1984,13.29
2 FEB 1984,13.26
9 FEB 1984,13.23
16 FEB 1984,13.19
23 FEB 1984,13.25
1 MAR 1984,13.23
8 MAR 1984,13.30
15 MAR 1984,13.37
22 MAR 1984,13.48
29 MAR 1984,13.55
5 APR 1984,13.63
12 APR 1984,13.58
19 APR 1984,13.67
26 APR 1984,13.73
3 MAY 1984,13.78
10 MAY 1984,13.87
17 MAY 1984,14.04
24 MAY 1984,14.08
31 MAY 1984,14.29
7 JUN 1984,14.33
14 JUN 1984,14.47
21 JUN 1984,14.49
28 JUN 1984,14.50
5 JUL 1984,14.66
12 JUL 1984,14.68
19 JUL 1984,14.66
26 JUL 1984,14.67
2 AUG 1984,14.68
9 AUG 1984,14.54
16 AUG 1984,14.39
23 AUG 1984,14.36
30 AUG 1984,14.38
6 SEP 1984,14.42
13 SEP 1984,14.43
20 SEP 1984,14.29
27 SEP 1984,14.26
4 OCT 1984,14.18
11 OCT 1984,14.19
18 OCT 1984,14.10
25 OCT 1984,14.05
1 NOV 1984,13.85
8 NOV 1984,13.74
15 NOV 1984,13.63
22 NOV 1984,13.55
29 NOV 1984,13.42
6 DEC 1984,13.20
13 DEC 1984,13.20
20 DEC 1984,13.18
27 DEC 1984,13.14
3 JAN 1985,13.10
10 JAN 1985,13.12
17 JAN 1985,13.12
24 JAN 1985,12.96
31 JAN 1985,12.93
7 FEB 1985,12.91
14 FEB 1985,12.90
21 FEB 1985,12.94
28 FEB 1985,13.02
7 MAR 1985,13.10
14 MAR 1985,13.20
21 MAR 1985,13.24
28 MAR 1985,13.29
4 APR 1985,13.27
11 APR 1985,13.23
18 APR 1985,13.16
25 APR 1985,13.12
2 MAY 1985,13.07
9 MAY 1985,13.02
16 MAY 1985,12.94
23 MAY 1985,12.83
30 MAY 1985,12.71
6 JUN 1985,12.39
13 JUN 1985,12.27
20 JUN 1985,12.05
27 JUN 1985,12.15
4 JUL 1985,12.13
11 JUL 1985,12.03
18 JUL 1985,11.94
25 JUL 1985,12.03
1 AUG 1985,12.17
8 AUG 1985,12.23
15 AUG 1985,12.24
22 AUG 1985,12.18
29 AUG 1985,12.11
5 SEP 1985,12.15
12 SEP 1985,12.24
19 SEP 1985,12.21
26 SEP 1985,12.17
3 OCT 1985,12.17
10 OCT 1985,12.17
17 OCT 1985,12.13
24 OCT 1985,12.07
31 OCT 1985,12.01
7 NOV 1985,11.90
14 NOV 1985,11.79
21 NOV 1985,11.64
28 NOV 1985,11.58
5 DEC 1985,11.50
12 DEC 1985,11.31
19 DEC 1985,11.14
26 DEC 1985,11.09
2 JAN 1986,10.81
9 JAN 1986,10.77
16 JAN 1986,10.99
23 JAN 1986,10.97
30 JAN 1986,10.89
6 FEB 1986,10.85
13 FEB 1986,10.80
20 FEB 1986,10.68
27 FEB 1986,10.51
6 MAR 1986,10.20
13 MAR 1986,10.01
20 MAR 1986,10.01
27 MAR 1986,10.10
3 APR 1986,9.99
10 APR 1986,9.98
17 APR 1986,9.92
24 APR 1986,9.86
1 MAY 1986,9.90
8 MAY 1986,10.00
15 MAY 1986,10.08
22 MAY 1986,10.36
29 MAY 1986,10.38
5 JUN 1986,10.74
12 JUN 1986,10.76
19 JUN 1986,10.61
26 JUN 1986,10.62
3 JUL 1986,10.61
10 JUL 1986,10.59
17 JUL 1986,10.43
24 JUL 1986,10.40
31 JUL 1986,10.40
7 AUG 1986,10.40
14 AUG 1986,10.23
21 AUG 1986,10.04
28 AUG 1986,9.93
4 SEP 1986,9.90
11 SEP 1986,9.96
18 SEP 1986,10.07
25 SEP 1986,10.10
2 OCT 1986,10.08
9 OCT 1986,9.99
16 OCT 1986,9.96
23 OCT 1986,9.95
30 OCT 1986,9.89
6 NOV 1986,9.83
13 NOV 1986,9.81
20 NOV 1986,9.64
27 NOV 1986,9.50
4 DEC 1986,9.30
11 DEC 1986,9.35
18 DEC 1986,9.30
25 DEC 1986,9.29
1 JAN 1987,9.37
8 JAN 1987,9.32
15 JAN 1987,9.21
22 JAN 1987,9.04
29 JAN 1987,9.08
5 FEB 1987,9.06
12 FEB 1987,9.09
19 FEB 1987,9.11
26 FEB 1987,9.07
5 MAR 1987,9.03
12 MAR 1987,9.05
19 MAR 1987,9.03
26 MAR 1987,9.03
2 APR 1987,9.26
9 APR 1987,9.43
16 APR 1987,10.27
23 APR 1987,10.37
30 APR 1987,10.47
7 MAY 1987,10.52
14 MAY 1987,10.48
21 MAY 1987,10.81
28 MAY 1987,10.70
4 JUN 1987,10.70
11 JUN 1987,10.66
18 JUN 1987,10.44
25 JUN 1987,10.35
2 JUL 1987,10.36
9 JUL 1987,10.30
16 JUL 1987,10.23
23 JUL 1987,10.23
30 JUL 1987,10.27
6 AUG 1987,10.35
13 AUG 1987,10.34
20 AUG 1987,10.30
27 AUG 1987,10.33
3 SEP 1987,10.63
10 SEP 1987,10.91
17 SEP 1987,10.99
24 SEP 1987,11.02
1 OCT 1987,11.18
8 OCT 1987,11.21
15 OCT 1987,11.58
22 OCT 1987,11.36
29 OCT 1987,10.97
5 NOV 1987,10.79
12 NOV 1987,10.66
19 NOV 1987,10.60
26 NOV 1987,10.55
3 DEC 1987,10.60
10 DEC 1987,10.66
17 DEC 1987,10.69
24 DEC 1987,10.64
31 DEC 1987,10.61
7 JAN 1988,10.50
14 JAN 1988,10.53
21 JAN 1988,10.34
28 JAN 1988,10.16
4 FEB 1988,9.94
11 FEB 1988,9.84
18 FEB 1988,9.92
25 FEB 1988,9.87
3 MAR 1988,9.85
10 MAR 1988,9.96
17 MAR 1988,9.92
24 MAR 1988,9.99
31 MAR 1988,10.05
7 APR 1988,10.19
14 APR 1988,10.19
21 APR 1988,10.30
28 APR 1988,10.28
5 MAY 1988,10.32
12 MAY 1988,10.40
19 MAY 1988,10.52
26 MAY 1988,10.58
2 JUN 1988,10.58
9 JUN 1988,10.51
16 JUN 1988,10.35
23 JUN 1988,10.40
30 JUN 1988,10.39
7 JUL 1988,10.38
14 JUL 1988,10.44
21 JUL 1988,10.46
28 JUL 1988,10.49
4 AUG 1988,10.44
11 AUG 1988,10.57
18 AUG 1988,10.71
25 AUG 1988,10.67
1 SEP 1988,10.65
8 SEP 1988,10.53
15 SEP 1988,10.40
22 SEP 1988,10.40
29 SEP 1988,10.42
6 OCT 1988,10.38
13 OCT 1988,10.33
20 OCT 1988,10.28
27 OCT 1988,10.22
3 NOV 1988,10.12
10 NOV 1988,10.24
17 NOV 1988,10.31
24 NOV 1988,10.39
1 DEC 1988,10.44
8 DEC 1988,10.46
15 DEC 1988,10.71
22 DEC 1988,10.68
29 DEC 1988,10.77
5 JAN 1989,10.80
12 JAN 1989,10.81
19 JAN 1989,10.71
26 JAN 1989,10.60
2 FEB 1989,10.55
9 FEB 1989,10.56
16 FEB 1989,10.69
23 FEB 1989,10.78
2 MAR 1989,10.91
9 MAR 1989,10.86
16 MAR 1989,10.98
23 MAR 1989,11.22
30 MAR 1989,11.19
6 APR 1989,11.07
13 APR 1989,11.11
20 APR 1989,10.99
27 APR 1989,11.03
4 MAY 1989,10.97
11 MAY 1989,10.93
18 MAY 1989,10.69
25 MAY 1989,10.50
1 JUN 1989,10.48
8 JUN 1989,10.20
15 JUN 1989,10.04
22 JUN 1989,10.19
29 JUN 1989,10.07
6 JUL 1989,10.03
13 JUL 1989,9.82
20 JUL 1989,9.87
27 JUL 1989,9.81
3 AUG 1989,9.68
10 AUG 1989,9.96
17 AUG 1989,10.09
24 AUG 1989,10.21
31 AUG 1989,10.22
7 SEP 1989,10.17
14 SEP 1989,10.05
21 SEP 1989,10.03
28 SEP 1989,10.16
5 OCT 1989,10.10
12 OCT 1989,9.95
19 OCT 1989,9.92
26 OCT 1989,9.82
2 NOV 1989,9.82
9 NOV 1989,9.79
16 NOV 1989,9.72
23 NOV 1989,9.74
30 NOV 1989,9.74
7 DEC 1989,9.76
14 DEC 1989,9.75
21 DEC 1989,9.69
28 DEC 1989,9.78
4 JAN 1990,9.83
11 JAN 1990,9.80
18 JAN 1990,9.90
25 JAN 1990,10.05
1 FEB 1990,10.17
8 FEB 1990,10.21
15 FEB 1990,10.10
22 FEB 1990,10.31
1 MAR 1990,10.23
8 MAR 1990,10.29
15 MAR 1990,10.34
22 MAR 1990,10.26
29 MAR 1990,10.22
5 APR 1990,10.26
12 APR 1990,10.25
19 APR 1990,10.41
26 APR 1990,10.56
3 MAY 1990,10.67
10 MAY 1990,10.54
17 MAY 1990,10.37
24 MAY 1990,10.33
31 MAY 1990,10.29
7 JUN 1990,10.10
14 JUN 1990,10.12
21 JUN 1990,10.16
28 JUN 1990,10.15
5 JUL 1990,10.06
12 JUL 1990,10.11
19 JUL 1990,9.99
26 JUL 1990,9.98
2 AUG 1990,9.84
9 AUG 1990,10.08
16 AUG 1990,10.05
23 AUG 1990,10.29
30 AUG 1990,10.24
6 SEP 1990,10.19
13 SEP 1990,10.13
20 SEP 1990,10.16
27 SEP 1990,10.22
4 OCT 1990,10.08
11 OCT 1990,10.22
18 OCT 1990,10.24
25 OCT 1990,10.17
1 NOV 1990,10.13
8 NOV 1990,10.09
15 NOV 1990,10.02
22 NOV 1990,9.93
29 NOV 1990,9.90
6 DEC 1990,9.81
13 DEC 1990,9.56
20 DEC 1990,9.64
27 DEC 1990,9.68
3 JAN 1991,9.56
10 JAN 1991,9.63
17 JAN 1991,9.75
24 JAN 1991,9.61
31 JAN 1991,9.56
7 FEB 1991,9.36
14 FEB 1991,9.25
21 FEB 1991,9.29
28 FEB 1991,9.40
7 MAR 1991,9.49
14 MAR 1991,9.50
21 MAR 1991,9.59
28 MAR 1991,9.52
4 APR 1991,9.49
11 APR 1991,9.48
18 APR 1991,9.47
25 APR 1991,9.53
2 MAY 1991,9.47
9 MAY 1991,9.47
16 MAY 1991,9.50
23 MAY 1991,9.47
30 MAY 1991,9.45
6 JUN 1991,9.48
13 JUN 1991,9.66
20 JUN 1991,9.65
27 JUN 1991,9.67
4 JUL 1991,9.62
11 JUL 1991,9.64
18 JUL 1991,9.54
25 JUL 1991,9.50
1 AUG 1991,9.44
8 AUG 1991,9.27
15 AUG 1991,9.19
22 AUG 1991,9.17
29 AUG 1991,9.15
5 SEP 1991,9.14
12 SEP 1991,9.02
19 SEP 1991,8.95
26 SEP 1991,8.92
3 OCT 1991,8.87
10 OCT 1991,8.82
17 OCT 1991,8.82
24 OCT 1991,8.91
31 OCT 1991,8.78
7 NOV 1991,8.76
14 NOV 1991,8.69
21 NOV 1991,8.63
28 NOV 1991,8.70
5 DEC 1991,8.62
12 DEC 1991,8.53
19 DEC 1991,8.49
26 DEC 1991,8.35
2 JAN 1992,8.24
9 JAN 1992,8.23
16 JAN 1992,8.45
23 JAN 1992,8.56
30 JAN 1992,8.68
6 FEB 1992,8.67
13 FEB 1992,8.73
20 FEB 1992,8.82
27 FEB 1992,8.83
5 MAR 1992,8.85
12 MAR 1992,8.88
19 MAR 1992,9.03
26 MAR 1992,8.98
2 APR 1992,8.96
9 APR 1992,8.84
16 APR 1992,8.76
23 APR 1992,8.85
30 APR 1992,8.84
7 MAY 1992,8.75
14 MAY 1992,8.64
21 MAY 1992,8.53
28 MAY 1992,8.60
4 JUN 1992,8.59
11 JUN 1992,8.54
18 JUN 1992,8.48
25 JUN 1992,8.43
2 JUL 1992,8.29
9 JUL 1992,8.13
16 JUL 1992,8.09
23 JUL 1992,8.08
30 JUL 1992,8.05
6 AUG 1992,8.06
13 AUG 1992,7.96
20 AUG 1992,7.87
27 AUG 1992,8.01
3 SEP 1992,7.94
10 SEP 1992,7.84
17 SEP 1992,7.89
24 SEP 1992,8.02
1 OCT 1992,7.93
8 OCT 1992,8.01
15 OCT 1992,8.06
22 OCT 1992,8.23
29 OCT 1992,8.21
5 NOV 1992,8.29
12 NOV 1992,8.32
19 NOV 1992,8.32
26 NOV 1992,8.29
3 DEC 1992,8.34
10 DEC 1992,8.23
17 DEC 1992,8.19
24 DEC 1992,8.13
31 DEC 1992,8.14
7 JAN 1993,8.07
14 JAN 1993,8.04
21 JAN 1993,8.00
28 JAN 1993,7.86
4 FEB 1993,7.80
11 FEB 1993,7.75
18 FEB 1993,7.65
25 FEB 1993,7.53
4 MAR 1993,7.44
11 MAR 1993,7.47
18 MAR 1993,7.57
25 MAR 1993,7.50
1 APR 1993,7.53
8 APR 1993,7.57
15 APR 1993,7.45
22 APR 1993,7.38
29 APR 1993,7.43
6 MAY 1993,7.42
13 MAY 1993,7.42
20 MAY 1993,7.52
27 MAY 1993,7.50
3 JUN 1993,7.47
10 JUN 1993,7.48
17 JUN 1993,7.38
24 JUN 1993,7.34
1 JUL 1993,7.23
8 JUL 1993,7.19
15 JUL 1993,7.16
22 JUL 1993,7.20
29 JUL 1993,7.25
5 AUG 1993,7.21
12 AUG 1993,7.17
19 AUG 1993,7.10
26 AUG 1993,6.97
2 SEP 1993,6.93
9 SEP 1993,6.82
16 SEP 1993,6.96
23 SEP 1993,6.95
30 SEP 1993,6.89
7 OCT 1993,6.87
14 OCT 1993,6.81
21 OCT 1993,6.74
28 OCT 1993,6.86
4 NOV 1993,7.11
11 NOV 1993,7.12
18 NOV 1993,7.08
25 NOV 1993,7.31
2 DEC 1993,7.25
9 DEC 1993,7.14
16 DEC 1993,7.17
23 DEC 1993,7.17
30 DEC 1993,7.13
6 JAN 1994,7.23
13 JAN 1994,6.99
20 JAN 1994,7.05
27 JAN 1994,6.97
3 FEB 1994,6.97
10 FEB 1994,7.21
17 FEB 1994,7.11
24 FEB 1994,7.32
3 MAR 1994,7.51
10 MAR 1994,7.63
17 MAR 1994,7.76
24 MAR 1994,7.80
31 MAR 1994,8.04
7 APR 1994,8.47
14 APR 1994,8.26
21 APR 1994,8.49
28 APR 1994,8.32
5 MAY 1994,8.53
12 MAY 1994,8.77
19 MAY 1994,8.56
26 MAY 1994,8.53
2 JUN 1994,8.55
9 JUN 1994,8.25
16 JUN 1994,8.33
23 JUN 1994,8.46
30 JUN 1994,8.57
7 JUL 1994,8.68
14 JUL 1994,8.72
21 JUL 1994,8.53
28 JUL 1994,8.57
4 AUG 1994,8.38
11 AUG 1994,8.57
18 AUG 1994,8.54
25 AUG 1994,8.56
1 SEP 1994,8.48
8 SEP 1994,8.51
15 SEP 1994,8.66
22 SEP 1994,8.73
29 SEP 1994,8.82
6 OCT 1994,8.89
13 OCT 1994,8.93
20 OCT 1994,8.85
27 OCT 1994,9.03
3 NOV 1994,9.05
10 NOV 1994,9.19
17 NOV 1994,9.19
24 NOV 1994,9.25
1 DEC 1994,9.23
8 DEC 1994,9.15
15 DEC 1994,9.25
22 DEC 1994,9.18
29 DEC 1994,9.18
5 JAN 1995,9.22
12 JAN 1995,9.19
19 JAN 1995,9.05
26 JAN 1995,9.13
2 FEB 1995,8.94
9 FEB 1995,8.80
16 FEB 1995,8.84
23 FEB 1995,8.73
2 MAR 1995,8.53
9 MAR 1995,8.62
16 MAR 1995,8.38
23 MAR 1995,8.40
30 MAR 1995,8.38
6 APR 1995,8.41
13 APR 1995,8.37
20 APR 1995,8.24
27 APR 1995,8.26
4 MAY 1995,8.27
11 MAY 1995,7.87
18 MAY 1995,7.83
25 MAY 1995,7.85
1 JUN 1995,7.71
8 JUN 1995,7.51
15 JUN 1995,7.55
22 JUN 1995,7.53
29 JUN 1995,7.53
6 JUL 1995,7.63
13 JUL 1995,7.41
20 JUL 1995,7.60
27 JUL 1995,7.79
3 AUG 1995,7.82
10 AUG 1995,7.80
17 AUG 1995,7.94
24 AUG 1995,7.88
31 AUG 1995,7.76
7 SEP 1995,7.63
14 SEP 1995,7.60
21 SEP 1995,7.57
28 SEP 1995,7.62
5 OCT 1995,7.57
12 OCT 1995,7.50
19 OCT 1995,7.38
26 OCT 1995,7.45
2 NOV 1995,7.44
9 NOV 1995,7.37
16 NOV 1995,7.35
23 NOV 1995,7.35
30 NOV 1995,7.33
7 DEC 1995,7.18
14 DEC 1995,7.15
21 DEC 1995,7.23
28 DEC 1995,7.11
4 JAN 1996,7.02
11 JAN 1996,7.08
18 JAN 1996,7.02
25 JAN 1996,7.00
1 FEB 1996,7.02
8 FEB 1996,7.02
15 FEB 1996,6.94
22 FEB 1996,7.32
29 FEB 1996,7.41
7 MAR 1996,7.38
14 MAR 1996,7.83
21 MAR 1996,7.81
28 MAR 1996,7.69
4 APR 1996,7.78
11 APR 1996,8.05
18 APR 1996,7.95
25 APR 1996,7.92
2 MAY 1996,7.99
9 MAY 1996,8.24
16 MAY 1996,8.08
23 MAY 1996,8.01
30 MAY 1996,8.03
6 JUN 1996,8.30
13 JUN 1996,8.39
20 JUN 1996,8.30
27 JUN 1996,8.29
4 JUL 1996,8.14
11 JUL 1996,8.42
18 JUL 1996,8.23
25 JUL 1996,8.19
1 AUG 1996,8.23
8 AUG 1996,7.88
15 AUG 1996,7.88
22 AUG 1996,7.93
29 AUG 1996,8.09
5 SEP 1996,8.34
12 SEP 1996,8.28
19 SEP 1996,8.14
26 SEP 1996,8.16
3 OCT 1996,8.06
10 OCT 1996,7.86
17 OCT 1996,7.88
24 OCT 1996,7.86
31 OCT 1996,7.78
7 NOV 1996,7.67
14 NOV 1996,7.59
21 NOV 1996,7.53
28 NOV 1996,7.52
5 DEC 1996,7.44
12 DEC 1996,7.57
19 DEC 1996,7.74
26 DEC 1996,7.64
2 JAN 1997,7.67
9 JAN 1997,7.85
16 JAN 1997,7.87
23 JAN 1997,7.85
30 JAN 1997,7.88
6 FEB 1997,7.74
13 FEB 1997,7.65
20 FEB 1997,7.56
27 FEB 1997,7.65
6 MAR 1997,7.84
13 MAR 1997,7.84
20 MAR 1997,7.94
27 MAR 1997,7.97
3 APR 1997,8.18
10 APR 1997,8.15
17 APR 1997,8.16
24 APR 1997,8.08
1 MAY 1997,8.01
8 MAY 1997,7.94
15 MAY 1997,7.91
22 MAY 1997,7.92
29 MAY 1997,7.94
5 JUN 1997,7.85
12 JUN 1997,7.72
19 JUN 1997,7.61
26 JUN 1997,7.58
3 JUL 1997,7.62
10 JUL 1997,7.47
17 JUL 1997,7.47
24 JUL 1997,7.43
31 JUL 1997,7.36
7 AUG 1997,7.46
14 AUG 1997,7.54
21 AUG 1997,7.46
28 AUG 1997,7.58
4 SEP 1997,7.53
11 SEP 1997,7.53
18 SEP 1997,7.38
25 SEP 1997,7.28
2 OCT 1997,7.31
9 OCT 1997,7.26
16 OCT 1997,7.34
23 OCT 1997,7.35
30 OCT 1997,7.21
6 NOV 1997,7.24
13 NOV 1997,7.23
20 NOV 1997,7.18
27 NOV 1997,7.17
4 DEC 1997,7.15
11 DEC 1997,7.17
18 DEC 1997,7.07
25 DEC 1997,6.99
1 JAN 1998,7.03
8 JAN 1998,6.94
15 JAN 1998,6.89
22 JAN 1998,6.99
29 JAN 1998,7.12
5 FEB 1998,7.03
12 FEB 1998,7.06
19 FEB 1998,6.99
26 FEB 1998,7.09
5 MAR 1998,7.19
12 MAR 1998,7.16
19 MAR 1998,7.08
26 MAR 1998,7.08
2 APR 1998,7.15
9 APR 1998,7.09
16 APR 1998,7.17
23 APR 1998,7.15
30 APR 1998,7.22
7 MAY 1998,7.14
14 MAY 1998,7.19
21 MAY 1998,7.10
28 MAY 1998,7.07
4 JUN 1998,7.05
11 JUN 1998,7.04
18 JUN 1998,6.94
25 JUN 1998,6.96
2 JUL 1998,6.98
9 JUL 1998,6.91
16 JUL 1998,6.94
23 JUL 1998,6.96
30 JUL 1998,6.97
6 AUG 1998,6.94
13 AUG 1998,6.91
20 AUG 1998,6.92
27 AUG 1998,6.92
3 SEP 1998,6.82
10 SEP 1998,6.77
17 SEP 1998,6.66
24 SEP 1998,6.64
1 OCT 1998,6.60
8 OCT 1998,6.49
15 OCT 1998,6.90
22 OCT 1998,6.73
29 OCT 1998,6.83
5 NOV 1998,6.89
12 NOV 1998,6.93
19 NOV 1998,6.86
26 NOV 1998,6.78
3 DEC 1998,6.71
10 DEC 1998,6.69
17 DEC 1998,6.69
24 DEC 1998,6.77
31 DEC 1998,6.83
7 JAN 1999,6.79
14 JAN 1999,6.83
21 JAN 1999,6.78
28 JAN 1999,6.74
4 FEB 1999,6.75
11 FEB 1999,6.77
18 FEB 1999,6.82
25 FEB 1999,6.89
4 MAR 1999,7.06
11 MAR 1999,7.11
18 MAR 1999,7.01
25 MAR 1999,6.98
1 APR 1999,6.98
8 APR 1999,6.92
15 APR 1999,6.87
22 APR 1999,6.88
29 APR 1999,6.93
6 MAY 1999,7.02
13 MAY 1999,7.10
20 MAY 1999,7.23
27 MAY 1999,7.23
3 JUN 1999,7.41
10 JUN 1999,7.51
17 JUN 1999,7.65
24 JUN 1999,7.63
1 JUL 1999,7.71
8 JUL 1999,7.65
15 JUL 1999,7.58
22 JUL 1999,7.52
29 JUL 1999,7.70
5 AUG 1999,7.89
12 AUG 1999,8.15
19 AUG 1999,7.93
26 AUG 1999,7.80
2 SEP 1999,7.83
9 SEP 1999,7.88
16 SEP 1999,7.82
23 SEP 1999,7.76
30 SEP 1999,7.70
7 OCT 1999,7.82
14 OCT 1999,7.85
21 OCT 1999,7.93
28 OCT 1999,7.96
4 NOV 1999,7.84
11 NOV 1999,7.67
18 NOV 1999,7.69
25 NOV 1999,7.75
2 DEC 1999,7.84
9 DEC 1999,7.84
16 DEC 1999,7.86
23 DEC 1999,7.96
30 DEC 1999,8.06
6 JAN 2000,8.15
13 JAN 2000,8.18
20 JAN 2000,8.26
27 JAN 2000,8.25
3 FEB 2000,8.25
10 FEB 2000,8.36
17 FEB 2000,8.38
24 FEB 2000,8.31
2 MAR 2000,8.27
9 MAR 2000,8.23
16 MAR 2000,8.24
23 MAR 2000,8.23
30 MAR 2000,8.23
6 APR 2000,8.20
13 APR 2000,8.12
20 APR 2000,8.16
27 APR 2000,8.13
4 MAY 2000,8.28
11 MAY 2000,8.52
18 MAY 2000,8.64
25 MAY 2000,8.62
1 JUN 2000,8.54
8 JUN 2000,8.32
15 JUN 2000,8.22
22 JUN 2000,8.14
29 JUN 2000,8.22
6 JUL 2000,8.16
13 JUL 2000,8.09
20 JUL 2000,8.21
27 JUL 2000,8.13
3 AUG 2000,8.12
10 AUG 2000,8.04
17 AUG 2000,7.96
24 AUG 2000,7.99
31 AUG 2000,7.96
7 SEP 2000,7.94
14 SEP 2000,7.88
21 SEP 2000,7.90
28 SEP 2000,7.88
5 OCT 2000,7.83
12 OCT 2000,7.84
19 OCT 2000,7.83
26 OCT 2000,7.68
2 NOV 2000,7.73
9 NOV 2000,7.79
16 NOV 2000,7.73
23 NOV 2000,7.73
30 NOV 2000,7.65
7 DEC 2000,7.54
14 DEC 2000,7.42
21 DEC 2000,7.17
28 DEC 2000,7.13
4 JAN 2001,7.07
11 JAN 2001,6.89
18 JAN 2001,7.02
25 JAN 2001,7.15
1 FEB 2001,7.09
8 FEB 2001,6.98
15 FEB 2001,7.01
22 FEB 2001,7.12
1 MAR 2001,7.03
8 MAR 2001,6.97
15 MAR 2001,6.96
22 MAR 2001,6.89
29 MAR 2001,6.91
5 APR 2001,7.01
12 APR 2001,7.04
19 APR 2001,7.14
26 APR 2001,7.12
3 MAY 2001,7.14
10 MAY 2001,7.10
17 MAY 2001,7.14
24 MAY 2001,7.20
31 MAY 2001,7.24
7 JUN 2001,7.20
14 JUN 2001,7.14
21 JUN 2001,7.11
28 JUN 2001,7.11
5 JUL 2001,7.19
12 JUL 2001,7.21
19 JUL 2001,7.08
26 JUL 2001,7.03
2 AUG 2001,7.00
9 AUG 2001,7.00
16 AUG 2001,6.92
23 AUG 2001,6.91
30 AUG 2001,6.92
6 SEP 2001,6.89
13 SEP 2001,6.86
20 SEP 2001,6.80
27 SEP 2001,6.72
4 OCT 2001,6.64
11 OCT 2001,6.58
18 OCT 2001,6.61
25 OCT 2001,6.64
1 NOV 2001,6.56
8 NOV 2001,6.45
15 NOV 2001,6.51
22 NOV 2001,6.75
29 NOV 2001,7.02
6 DEC 2001,6.84
13 DEC 2001,7.09
20 DEC 2001,7.17
27 DEC 2001,7.16
3 JAN 2002,7.14
10 JAN 2002,7.06
17 JAN 2002,6.83
24 JAN 2002,6.96
31 JAN 2002,7.02
7 FEB 2002,6.88
14 FEB 2002,6.86
21 FEB 2002,6.81
28 FEB 2002,6.80
7 MAR 2002,6.87
14 MAR 2002,7.08
21 MAR 2002,7.14
28 MAR 2002,7.18
4 APR 2002,7.13
11 APR 2002,6.99
18 APR 2002,6.94
25 APR 2002,6.88
2 MAY 2002,6.78
9 MAY 2002,6.79
16 MAY 2002,6.89
23 MAY 2002,6.81
30 MAY 2002,6.76
6 JUN 2002,6.71
13 JUN 2002,6.71
20 JUN 2002,6.63
27 JUN 2002,6.55
4 JUL 2002,6.57
11 JUL 2002,6.54
18 JUL 2002,6.49
25 JUL 2002,6.34
1 AUG 2002,6.43
8 AUG 2002,6.31
15 AUG 2002,6.22
22 AUG 2002,6.27
29 AUG 2002,6.22
5 SEP 2002,6.15
12 SEP 2002,6.18
19 SEP 2002,6.05
26 SEP 2002,5.99
3 OCT 2002,6.01
10 OCT 2002,5.98
17 OCT 2002,6.15
24 OCT 2002,6.31
31 OCT 2002,6.13
7 NOV 2002,6.11
14 NOV 2002,5.94
21 NOV 2002,6.03
28 NOV 2002,6.13
5 DEC 2002,6.19
12 DEC 2002,6.04
19 DEC 2002,6.03
26 DEC 2002,5.93
2 JAN 2003,5.85
9 JAN 2003,5.95
16 JAN 2003,5.97
23 JAN 2003,5.91
30 JAN 2003,5.90
6 FEB 2003,5.88
13 FEB 2003,5.86
20 FEB 2003,5.84
27 FEB 2003,5.79
6 MAR 2003,5.67
13 MAR 2003,5.61
20 MAR 2003,5.79
27 MAR 2003,5.91
3 APR 2003,5.79
10 APR 2003,5.85
17 APR 2003,5.82
24 APR 2003,5.79
1 MAY 2003,5.70
8 MAY 2003,5.62
15 MAY 2003,5.45
22 MAY 2003,5.34
29 MAY 2003,5.31
5 JUN 2003,5.26
12 JUN 2003,5.21
19 JUN 2003,5.21
26 JUN 2003,5.24
3 JUL 2003,5.40
10 JUL 2003,5.52
17 JUL 2003,5.67
24 JUL 2003,5.94
31 JUL 2003,6.14
7 AUG 2003,6.34
14 AUG 2003,6.24
21 AUG 2003,6.28
28 AUG 2003,6.32
4 SEP 2003,6.44
11 SEP 2003,6.16
18 SEP 2003,6.01
25 SEP 2003,5.98
2 OCT 2003,5.77
9 OCT 2003,5.95
16 OCT 2003,6.05
23 OCT 2003,6.05
30 OCT 2003,5.94
6 NOV 2003,5.98
13 NOV 2003,6.03
20 NOV 2003,5.83
27 NOV 2003,5.89
4 DEC 2003,6.02
11 DEC 2003,5.88
18 DEC 2003,5.82
25 DEC 2003,5.81
1 JAN 2004,5.85
8 JAN 2004,5.87
15 JAN 2004,5.66
22 JAN 2004,5.64
29 JAN 2004,5.68
5 FEB 2004,5.72
12 FEB 2004,5.66
19 FEB 2004,5.58
26 FEB 2004,5.58
4 MAR 2004,5.59
11 MAR 2004,5.41
18 MAR 2004,5.38
25 MAR 2004,5.40
1 APR 2004,5.52
8 APR 2004,5.79
15 APR 2004,5.89
22 APR 2004,5.94
29 APR 2004,6.01
6 MAY 2004,6.12
13 MAY 2004,6.34
20 MAY 2004,6.30
27 MAY 2004,6.32
3 JUN 2004,6.28
10 JUN 2004,6.30
17 JUN 2004,6.32
24 JUN 2004,6.25
1 JUL 2004,6.21
8 JUL 2004,6.01
15 JUL 2004,6.00
22 JUL 2004,5.98
29 JUL 2004,6.08
5 AUG 2004,5.99
12 AUG 2004,5.85
19 AUG 2004,5.81
26 AUG 2004,5.82
2 SEP 2004,5.77
9 SEP 2004,5.83
16 SEP 2004,5.75
23 SEP 2004,5.70
30 SEP 2004,5.72
7 OCT 2004,5.82
14 OCT 2004,5.74
21 OCT 2004,5.69
28 OCT 2004,5.64
4 NOV 2004,5.70
11 NOV 2004,5.76
18 NOV 2004,5.74
25 NOV 2004,5.72
2 DEC 2004,5.81
9 DEC 2004,5.71
16 DEC 2004,5.68
23 DEC 2004,5.75
30 DEC 2004,5.81
6 JAN 2005,5.77
13 JAN 2005,5.74
20 JAN 2005,5.67
27 JAN 2005,5.66
3 FEB 2005,5.63
10 FEB 2005,5.57
17 FEB 2005,5.62
24 FEB 2005,5.69
3 MAR 2005,5.79
10 MAR 2005,5.85
17 MAR 2005,5.95
24 MAR 2005,6.01
31 MAR 2005,6.04
7 APR 2005,5.93
14 APR 2005,5.91
21 APR 2005,5.80
28 APR 2005,5.78
5 MAY 2005,5.75
12 MAY 2005,5.77
19 MAY 2005,5.71
26 MAY 2005,5.65
2 JUN 2005,5.62
9 JUN 2005,5.56
16 JUN 2005,5.63
23 JUN 2005,5.57
30 JUN 2005,5.53
7 JUL 2005,5.62
14 JUL 2005,5.66
21 JUL 2005,5.73
28 JUL 2005,5.77
4 AUG 2005,5.82
11 AUG 2005,5.89
18 AUG 2005,5.80
25 AUG 2005,5.77
1 SEP 2005,5.71
8 SEP 2005,5.71
15 SEP 2005,5.74
22 SEP 2005,5.80
29 SEP 2005,5.91
6 OCT 2005,5.98
13 OCT 2005,6.03
20 OCT 2005,6.10
27 OCT 2005,6.15
3 NOV 2005,6.31
10 NOV 2005,6.36
17 NOV 2005,6.37
24 NOV 2005,6.28
1 DEC 2005,6.26
8 DEC 2005,6.32
15 DEC 2005,6.30
22 DEC 2005,6.26
29 DEC 2005,6.22
5 JAN 2006,6.21
12 JAN 2006,6.15
19 JAN 2006,6.10
26 JAN 2006,6.12
2 FEB 2006,6.23
9 FEB 2006,6.24
16 FEB 2006,6.28
23 FEB 2006,6.26
2 MAR 2006,6.24
9 MAR 2006,6.37
16 MAR 2006,6.34
23 MAR 2006,6.32
30 MAR 2006,6.35
6 APR 2006,6.43
13 APR 2006,6.49
20 APR 2006,6.53
27 APR 2006,6.58
4 MAY 2006,6.59
11 MAY 2006,6.58
18 MAY 2006,6.60
25 MAY 2006,6.62
1 JUN 2006,6.67
8 JUN 2006,6.62
15 JUN 2006,6.63
22 JUN 2006,6.71
29 JUN 2006,6.78
6 JUL 2006,6.79
13 JUL 2006,6.74
20 JUL 2006,6.80
27 JUL 2006,6.72
3 AUG 2006,6.63
10 AUG 2006,6.55
17 AUG 2006,6.52
24 AUG 2006,6.48
31 AUG 2006,6.44
7 SEP 2006,6.47
14 SEP 2006,6.43
21 SEP 2006,6.40
28 SEP 2006,6.31
5 OCT 2006,6.30
12 OCT 2006,6.37
19 OCT 2006,6.36
26 OCT 2006,6.40
2 NOV 2006,6.31
9 NOV 2006,6.33
16 NOV 2006,6.24
23 NOV 2006,6.18
30 NOV 2006,6.14
7 DEC 2006,6.11
14 DEC 2006,6.12
21 DEC 2006,6.13
28 DEC 2006,6.18
4 JAN 2007,6.18
11 JAN 2007,6.21
18 JAN 2007,6.23
25 JAN 2007,6.25
1 FEB 2007,6.34
8 FEB 2007,6.28
15 FEB 2007,6.30
22 FEB 2007,6.22
1 MAR 2007,6.18
8 MAR 2007,6.14
15 MAR 2007,6.14
22 MAR 2007,6.16
29 MAR 2007,6.16
5 APR 2007,6.17
12 APR 2007,6.22
19 APR 2007,6.17
26 APR 2007,6.16
3 MAY 2007,6.16
10 MAY 2007,6.15
17 MAY 2007,6.21
24 MAY 2007,6.37
31 MAY 2007,6.42
7 JUN 2007,6.53
14 JUN 2007,6.74
21 JUN 2007,6.69
28 JUN 2007,6.67
5 JUL 2007,6.63
12 JUL 2007,6.73
19 JUL 2007,6.73
26 JUL 2007,6.69
2 AUG 2007,6.68
9 AUG 2007,6.59
16 AUG 2007,6.62
23 AUG 2007,6.52
30 AUG 2007,6.45
6 SEP 2007,6.46
13 SEP 2007,6.31
20 SEP 2007,6.34
27 SEP 2007,6.42
4 OCT 2007,6.37
11 OCT 2007,6.40
18 OCT 2007,6.40
25 OCT 2007,6.33
1 NOV 2007,6.26
8 NOV 2007,6.24
15 NOV 2007,6.24
22 NOV 2007,6.20
29 NOV 2007,6.10
6 DEC 2007,5.96
13 DEC 2007,6.11
20 DEC 2007,6.14
27 DEC 2007,6.17
3 JAN 2008,6.07
10 JAN 2008,5.87
17 JAN 2008,5.69
24 JAN 2008,5.48
31 JAN 2008,5.68
7 FEB 2008,5.67
14 FEB 2008,5.72
21 FEB 2008,6.04
28 FEB 2008,6.24
6 MAR 2008,6.03
13 MAR 2008,6.13
20 MAR 2008,5.87
27 MAR 2008,5.85
3 APR 2008,5.88
10 APR 2008,5.88
17 APR 2008,5.88
24 APR 2008,6.03
1 MAY 2008,6.06
8 MAY 2008,6.05
15 MAY 2008,6.01
22 MAY 2008,5.98
29 MAY 2008,6.08
5 JUN 2008,6.09
12 JUN 2008,6.32
19 JUN 2008,6.42
26 JUN 2008,6.45
3 JUL 2008,6.35
10 JUL 2008,6.37
17 JUL 2008,6.26
24 JUL 2008,6.63
31 JUL 2008,6.52
7 AUG 2008,6.52
14 AUG 2008,6.52
21 AUG 2008,6.47
28 AUG 2008,6.40
4 SEP 2008,6.35
11 SEP 2008,5.93
18 SEP 2008,5.78
25 SEP 2008,6.09
2 OCT 2008,6.10
9 OCT 2008,5.94
16 OCT 2008,6.46
23 OCT 2008,6.04
30 OCT 2008,6.46
6 NOV 2008,6.20
13 NOV 2008,6.14
20 NOV 2008,6.04
27 NOV 2008,5.97
4 DEC 2008,5.53
11 DEC 2008,5.47
18 DEC 2008,5.19
25 DEC 2008,5.14
1 JAN 2009,5.10
8 JAN 2009,5.01
15 JAN 2009,4.96
22 JAN 2009,5.12
29 JAN 2009,5.10
5 FEB 2009,5.25
12 FEB 2009,5.16
19 FEB 2009,5.04
26 FEB 2009,5.07
5 MAR 2009,5.15
12 MAR 2009,5.03
19 MAR 2009,4.98
26 MAR 2009,4.85
2 APR 2009,4.78
9 APR 2009,4.87
16 APR 2009,4.82
23 APR 2009,4.80
30 APR 2009,4.78
7 MAY 2009,4.84
14 MAY 2009,4.86
21 MAY 2009,4.82
28 MAY 2009,4.91
4 JUN 2009,5.29
11 JUN 2009,5.59
18 JUN 2009,5.38
25 JUN 2009,5.42
2 JUL 2009,5.32
9 JUL 2009,5.20
16 JUL 2009,5.14
23 JUL 2009,5.20
30 JUL 2009,5.25
6 AUG 2009,5.22
13 AUG 2009,5.29
20 AUG 2009,5.12
27 AUG 2009,5.14
3 SEP 2009,5.08
10 SEP 2009,5.07
17 SEP 2009,5.04
24 SEP 2009,5.04
1 OCT 2009,4.94
8 OCT 2009,4.87
15 OCT 2009,4.92
22 OCT 2009,5.00
29 OCT 2009,5.03
5 NOV 2009,4.98
12 NOV 2009,4.91
19 NOV 2009,4.83
26 NOV 2009,4.78
3 DEC 2009,4.71
10 DEC 2009,4.81
17 DEC 2009,4.94
24 DEC 2009,5.05
31 DEC 2009,5.14
7 JAN 2010,5.09
14 JAN 2010,5.06
21 JAN 2010,4.99
28 JAN 2010,4.98
4 FEB 2010,5.01
11 FEB 2010,4.97
18 FEB 2010,4.93
25 FEB 2010,5.05
4 MAR 2010,4.97
11 MAR 2010,4.95
18 MAR 2010,4.96
25 MAR 2010,4.99
1 APR 2010,5.08
8 APR 2010,5.21
15 APR 2010,5.07
22 APR 2010,5.07
29 APR 2010,5.06
6 MAY 2010,5.00
13 MAY 2010,4.93
20 MAY 2010,4.84
27 MAY 2010,4.78
3 JUN 2010,4.79
10 JUN 2010,4.72
17 JUN 2010,4.75
24 JUN 2010,4.69
1 JUL 2010,4.58
8 JUL 2010,4.57
15 JUL 2010,4.57
22 JUL 2010,4.56
29 JUL 2010,4.54
5 AUG 2010,4.49
12 AUG 2010,4.44
19 AUG 2010,4.42
26 AUG 2010,4.36
2 SEP 2010,4.32
9 SEP 2010,4.35
16 SEP 2010,4.37
23 SEP 2010,4.37
30 SEP 2010,4.32
7 OCT 2010,4.27
14 OCT 2010,4.19
21 OCT 2010,4.21
28 OCT 2010,4.23
4 NOV 2010,4.24
11 NOV 2010,4.17
18 NOV 2010,4.39
25 NOV 2010,4.40
2 DEC 2010,4.46
9 DEC 2010,4.61
16 DEC 2010,4.83
23 DEC 2010,4.81
30 DEC 2010,4.86
6 JAN 2011,4.77
13 JAN 2011,4.71
20 JAN 2011,4.74
27 JAN 2011,4.80
3 FEB 2011,4.81
10 FEB 2011,5.05
17 FEB 2011,5.00
24 FEB 2011,4.95
3 MAR 2011,4.87
10 MAR 2011,4.88
17 MAR 2011,4.76
24 MAR 2011,4.81
31 MAR 2011,4.86
7 APR 2011,4.87
14 APR 2011,4.91
21 APR 2011,4.80
28 APR 2011,4.78
5 MAY 2011,4.71
12 MAY 2011,4.63
19 MAY 2011,4.61
26 MAY 2011,4.60
2 JUN 2011,4.55
9 JUN 2011,4.49
16 JUN 2011,4.50
23 JUN 2011,4.50
30 JUN 2011,4.51
7 JUL 2011,4.60
14 JUL 2011,4.51
21 JUL 2011,4.52
28 JUL 2011,4.55
4 AUG 2011,4.39
11 AUG 2011,4.32
18 AUG 2011,4.15
25 AUG 2011,4.22
1 SEP 2011,4.22
8 SEP 2011,4.12
15 SEP 2011,4.09
22 SEP 2011,4.09
29 SEP 2011,4.01
6 OCT 2011,3.94
13 OCT 2011,4.12
20 OCT 2011,4.11
27 OCT 2011,4.10
3 NOV 2011,4.00
10 NOV 2011,3.99
17 NOV 2011,4.00
24 NOV 2011,3.98
1 DEC 2011,4.00
8 DEC 2011,3.99
15 DEC 2011,3.94
22 DEC 2011,3.91
29 DEC 2011,3.95
5 JAN 2012,3.91
12 JAN 2012,3.89
19 JAN 2012,3.88
26 JAN 2012,3.98
2 FEB 2012,3.87
9 FEB 2012,3.87
16 FEB 2012,3.87
23 FEB 2012,3.95
1 MAR 2012,3.90
8 MAR 2012,3.88
15 MAR 2012,3.92
22 MAR 2012,4.08
29 MAR 2012,3.99
5 APR 2012,3.98
12 APR 2012,3.88
19 APR 2012,3.90
26 APR 2012,3.88
3 MAY 2012,3.84
10 MAY 2012,3.83
17 MAY 2012,3.79
24 MAY 2012,3.78
31 MAY 2012,3.75
7 JUN 2012,3.67
14 JUN 2012,3.71
21 JUN 2012,3.66
28 JUN 2012,3.66
5 JUL 2012,3.62
12 JUL 2012,3.56
19 JUL 2012,3.53
26 JUL 2012,3.49
2 AUG 2012,3.55
9 AUG 2012,3.59
16 AUG 2012,3.62
23 AUG 2012,3.66
30 AUG 2012,3.59
6 SEP 2012,3.55
13 SEP 2012,3.55
20 SEP 2012,3.49
27 SEP 2012,3.40
4 OCT 2012,3.36
11 OCT 2012,3.39
18 OCT 2012,3.37
25 OCT 2012,3.41
1 NOV 2012,3.39
8 NOV 2012,3.40
15 NOV 2012,3.34
22 NOV 2012,3.31
29 NOV 2012,3.32
6 DEC 2012,3.34
13 DEC 2012,3.32
20 DEC 2012,3.37
27 DEC 2012,3.35
3 JAN 2013,3.34
10 JAN 2013,3.40
17 JAN 2013,3.38
24 JAN 2013,3.42
31 JAN 2013,3.53
7 FEB 2013,3.53
14 FEB 2013,3.53
21 FEB 2013,3.56
28 FEB 2013,3.51
7 MAR 2013,3.52
14 MAR 2013,3.63
21 MAR 2013,3.54
28 MAR 2013,3.57
4 APR 2013,3.54
11 APR 2013,3.43
18 APR 2013,3.41
25 APR 2013,3.40
2 MAY 2013,3.35
9 MAY 2013,3.42
16 MAY 2013,3.51
23 MAY 2013,3.59
30 MAY 2013,3.81
6 JUN 2013,3.91
13 JUN 2013,3.98
20 JUN 2013,3.93
27 JUN 2013,4.46
4 JUL 2013,4.29
11 JUL 2013,4.51
18 JUL 2013,4.37
25 JUL 2013,4.31
1 AUG 2013,4.39
8 AUG 2013,4.40
15 AUG 2013,4.40
22 AUG 2013,4.58
29 AUG 2013,4.51
5 SEP 2013,4.57
12 SEP 2013,4.57
19 SEP 2013,4.50
26 SEP 2013,4.32
3 OCT 2013,4.22
10 OCT 2013,4.23
17 OCT 2013,4.28
24 OCT 2013,4.13
31 OCT 2013,4.10
7 NOV 2013,4.16
14 NOV 2013,4.35
21 NOV 2013,4.22
28 NOV 2013,4.29
5 DEC 2013,4.46
12 DEC 2013,4.42
19 DEC 2013,4.47
26 DEC 2013,4.48
2 JAN 2014,4.53
9 JAN 2014,4.51
16 JAN 2014,4.41
23 JAN 2014,4.39
30 JAN 2014,4.32
6 FEB 2014,4.23
13 FEB 2014,4.28
20 FEB 2014,4.33
27 FEB 2014,4.37
6 MAR 2014,4.28
13 MAR 2014,4.37
20 MAR 2014,4.32
27 MAR 2014,4.40
3 APR 2014,4.41
10 APR 2014,4.34
17 APR 2014,4.27
24 APR 2014,4.33
1 MAY 2014,4.29
8 MAY 2014,4.21
15 MAY 2014,4.20
22 MAY 2014,4.14
29 MAY 2014,4.12
5 JUN 2014,4.14
12 JUN 2014,4.20
19 JUN 2014,4.17
26 JUN 2014,4.14
3 JUL 2014,4.12
10 JUL 2014,4.15
17 JUL 2014,4.13
24 JUL 2014,4.13
31 JUL 2014,4.12
7 AUG 2014,4.14
14 AUG 2014,4.12
21 AUG 2014,4.10
28 AUG 2014,4.10
4 SEP 2014,4.10
11 SEP 2014,4.12
18 SEP 2014,4.23
25 SEP 2014,4.20
2 OCT 2014,4.19
9 OCT 2014,4.12
16 OCT 2014,3.97
23 OCT 2014,3.92
30 OCT 2014,3.98
6 NOV 2014,4.02
13 NOV 2014,4.01
20 NOV 2014,3.99
27 NOV 2014,3.97
4 DEC 2014,3.89
11 DEC 2014,3.93
18 DEC 2014,3.80
25 DEC 2014,3.83
1 JAN 2015,3.87
8 JAN 2015,3.73
15 JAN 2015,3.66
22 JAN 2015,3.63
29 JAN 2015,3.66
5 FEB 2015,3.59
12 FEB 2015,3.69
19 FEB 2015,3.76
26 FEB 2015,3.80
5 MAR 2015,3.75
12 MAR 2015,3.86
19 MAR 2015,3.78
26 MAR 2015,3.69
2 APR 2015,3.70
9 APR 2015,3.66
16 APR 2015,3.67
23 APR 2015,3.65
30 APR 2015,3.68
7 MAY 2015,3.80
14 MAY 2015,3.85
21 MAY 2015,3.84
28 MAY 2015,3.87
4 JUN 2015,3.87
11 JUN 2015,4.04
18 JUN 2015,4.00
25 JUN 2015,4.02
2 JUL 2015,4.08
9 JUL 2015,4.04
16 JUL 2015,4.09
23 JUL 2015,4.04
30 JUL 2015,3.98
6 AUG 2015,3.91
13 AUG 2015,3.94
20 AUG 2015,3.93
27 AUG 2015,3.84
3 SEP 2015,3.89
10 SEP 2015,3.90
17 SEP 2015,3.91
24 SEP 2015,3.86
1 OCT 2015,3.85
8 OCT 2015,3.76
15 OCT 2015,3.82
22 OCT 2015,3.79
29 OCT 2015,3.76
5 NOV 2015,3.87
12 NOV 2015,3.98
19 NOV 2015,3.97
26 NOV 2015,3.95
3 DEC 2015,3.93
10 DEC 2015,3.95
17 DEC 2015,3.97
24 DEC 2015,3.96
31 DEC 2015,4.01
7 JAN 2016,3.97
14 JAN 2016,3.92
21 JAN 2016,3.81
28 JAN 2016,3.79
4 FEB 2016,3.72
11 FEB 2016,3.65
18 FEB 2016,3.65
25 FEB 2016,3.62
3 MAR 2016,3.64
10 MAR 2016,3.68
17 MAR 2016,3.73
24 MAR 2016,3.71
31 MAR 2016,3.71
7 APR 2016,3.59
14 APR 2016,3.58
21 APR 2016,3.59
28 APR 2016,3.66
5 MAY 2016,3.61
12 MAY 2016,3.57
19 MAY 2016,3.58
26 MAY 2016,3.64
2 JUN 2016,3.66
9 JUN 2016,3.60
16 JUN 2016,3.54
23 JUN 2016,3.56
30 JUN 2016,3.48
7 JUL 2016,3.41
14 JUL 2016,3.42
21 JUL 2016,3.45
28 JUL 2016,3.48
4 AUG 2016,3.43
11 AUG 2016,3.45
18 AUG 2016,3.43
25 AUG 2016,3.43
1 SEP 2016,3.46
8 SEP 2016,3.44
15 SEP 2016,3.50
22 SEP 2016,3.48
29 SEP 2016,3.42
6 OCT 2016,3.42
13 OCT 2016,3.47
20 OCT 2016,3.52
27 OCT 2016,3.47
3 NOV 2016,3.54
10 NOV 2016,3.57
17 NOV 2016,3.94
24 NOV 2016,4.03
1 DEC 2016,4.08
8 DEC 2016,4.13
15 DEC 2016,4.16
22 DEC 2016,4.30
29 DEC 2016,4.32
5 JAN 2017,4.20
12 JAN 2017,4.12
19 JAN 2017,4.09
26 JAN 2017,4.19
2 FEB 2017,4.19
9 FEB 2017,4.17
16 FEB 2017,4.15
23 FEB 2017,4.16
2 MAR 2017,4.10
9 MAR 2017,4.21
16 MAR 2017,4.30
23 MAR 2017,4.23
30 MAR 2017,4.14
6 APR 2017,4.10
13 APR 2017,4.08
20 APR 2017,3.97
27 APR 2017,4.03
4 MAY 2017,4.02
11 MAY 2017,4.05
18 MAY 2017,4.02
25 MAY 2017,3.95
1 JUN 2017,3.94
8 JUN 2017,3.89
15 JUN 2017,3.91
22 JUN 2017,3.90
29 JUN 2017,3.88
6 JUL 2017,3.96
13 JUL 2017,4.03
20 JUL 2017,3.96
27 JUL 2017,3.92
3 AUG 2017,3.93
10 AUG 2017,3.90
17 AUG 2017,3.89
24 AUG 2017,3.86
31 AUG 2017,3.82
7 SEP 2017,3.78
14 SEP 2017,3.78
21 SEP 2017,3.83
28 SEP 2017,3.83
5 OCT 2017,3.85
12 OCT 2017,3.91
19 OCT 2017,3.88
26 OCT 2017,3.94
2 NOV 2017,3.94
9 NOV 2017,3.90
16 NOV 2017,3.95
23 NOV 2017,3.92
30 NOV 2017,3.90
7 DEC 2017,3.94
14 DEC 2017,3.93
21 DEC 2017,3.94
28 DEC 2017,3.99
4 JAN 2018,3.95
11 JAN 2018,3.99
18 JAN 2018,4.04
25 JAN 2018,4.15
1 FEB 2018,4.22
8 FEB 2018,4.32
15 FEB 2018,4.38
22 FEB 2018,4.40
1 MAR 2018,4.43
8 MAR 2018,4.46
15 MAR 2018,4.44
22 MAR 2018,4.45
29 MAR 2018,4.44
5 APR 2018,4.40
12 APR 2018,4.42
19 APR 2018,4.47
26 APR 2018,4.58
3 MAY 2018,4.55
10 MAY 2018,4.55
17 MAY 2018,4.61
24 MAY 2018,4.66
31 MAY 2018,4.56
7 JUN 2018,4.54
14 JUN 2018,4.62
21 JUN 2018,4.57
28 JUN 2018,4.55
5 JUL 2018,4.52
12 JUL 2018,4.53
19 JUL 2018,4.52
26 JUL 2018,4.54
2 AUG 2018,4.60
9 AUG 2018,4.59
16 AUG 2018,4.53
23 AUG 2018,4.51
30 AUG 2018,4.52
6 SEP 2018,4.54
13 SEP 2018,4.60
20 SEP 2018,4.65
27 SEP 2018,4.72
4 OCT 2018,4.71
11 OCT 2018,4.90
18 OCT 2018,4.85
25 OCT 2018,4.86
1 NOV 2018,4.83
8 NOV 2018,4.94
15 NOV 2018,4.94
22 NOV 2018,4.81
29 NOV 2018,4.81
6 DEC 2018,4.75
13 DEC 2018,4.63
20 DEC 2018,4.62
27 DEC 2018,4.55
3 JAN 2019,4.51
10 JAN 2019,4.45
17 JAN 2019,4.45
24 JAN 2019,4.45
31 JAN 2019,4.46
7 FEB 2019,4.41
14 FEB 2019,4.37
21 FEB 2019,4.35
28 FEB 2019,4.35
7 MAR 2019,4.41
14 MAR 2019,4.31
21 MAR 2019,4.28
28 MAR 2019,4.06
4 APR 2019,4.08
11 APR 2019,4.12
18 APR 2019,4.17
25 APR 2019,4.20
2 MAY 2019,4.14
9 MAY 2019,4.10
16 MAY 2019,4.07
23 MAY 2019,4.06
30 MAY 2019,3.99
6 JUN 2019,3.82
13 JUN 2019,3.82
20 JUN 2019,3.84
27 JUN 2019,3.73
4 JUL 2019,3.75
11 JUL 2019,3.75
18 JUL 2019,3.81
25 JUL 2019,3.75
1 AUG 2019,3.75
8 AUG 2019,3.60
15 AUG 2019,3.60
22 AUG 2019,3.55
29 AUG 2019,3.58
5 SEP 2019,3.49
12 SEP 2019,3.56
19 SEP 2019,3.73
26 SEP 2019,3.64
3 OCT 2019,3.65
10 OCT 2019,3.57
17 OCT 2019,3.69
24 OCT 2019,3.75
31 OCT 2019,3.78
7 NOV 2019,3.69
14 NOV 2019,3.75
21 NOV 2019,3.66
28 NOV 2019,3.68
5 DEC 2019,3.68
12 DEC 2019,3.73
19 DEC 2019,3.73
26 DEC 2019,3.74
2 JAN 2020,3.72
9 JAN 2020,3.64
16 JAN 2020,3.65
23 JAN 2020,3.60
30 JAN 2020,3.51
6 FEB 2020,3.45
13 FEB 2020,3.47
20 FEB 2020,3.49
27 FEB 2020,3.45
5 MAR 2020,3.29
12 MAR 2020,3.36
19 MAR 2020,3.65
26 MAR 2020,3.50
2 APR 2020,3.33
9 APR 2020,3.33
16 APR 2020,3.31
23 APR 2020,3.33
30 APR 2020,3.23
7 MAY 2020,3.26
14 MAY 2020,3.28
21 MAY 2020,3.24
28 MAY 2020,3.15
4 JUN 2020,3.18
11 JUN 2020,3.21
18 JUN 2020,3.13
25 JUN 2020,3.13
2 JUL 2020,3.07
9 JUL 2020,3.03
16 JUL 2020,2.98
23 JUL 2020,3.01
30 JUL 2020,2.99
6 AUG 2020,2.88
13 AUG 2020,2.96
20 AUG 2020,2.99
27 AUG 2020,2.91
3 SEP 2020,2.93
10 SEP 2020,2.86
17 SEP 2020,2.87
24 SEP 2020,2.90
1 OCT 2020,2.88
8 OCT 2020,2.87
15 OCT 2020,2.81
22 OCT 2020,2.80
29 OCT 2020,2.81
5 NOV 2020,2.78
12 NOV 2020,2.84
19 NOV 2020,2.72
26 NOV 2020,2.72
3 DEC 2020,2.71
10 DEC 2020,2.71
17 DEC 2020,2.67
24 DEC 2020,2.66
31 DEC 2020,2.67
7 JAN 2021,2.65
14 JAN 2021,2.79
21 JAN 2021,2.77
28 JAN 2021,2.73
4 FEB 2021,2.73
11 FEB 2021,2.73
18 FEB 2021,2.81
25 FEB 2021,2.97
4 MAR 2021,3.02
11 MAR 2021,3.05
18 MAR 2021,3.09
25 MAR 2021,3.17
1 APR 2021,3.18
8 APR 2021,3.13
15 APR 2021,3.04
22 APR 2021,2.97
29 APR 2021,2.98
6 MAY 2021,2.96
13 MAY 2021,2.94
20 MAY 2021,3.00
27 MAY 2021,2.95
3 JUN 2021,2.99
10 JUN 2021,2.96
17 JUN 2021,2.93
24 JUN 2021,3.02
1 JUL 2021,2.98
8 JUL 2021,2.90
15 JUL 2021,2.88
22 JUL 2021,2.78
29 JUL 2021,2.80
5 AUG 2021,2.77
12 AUG 2021,2.87
19 AUG 2021,2.86
26 AUG 2021,2.87
2 SEP 2021,2.87
9 SEP 2021,2.88
16 SEP 2021,2.86
23 SEP 2021,2.88
30 SEP 2021,3.01
7 OCT 2021,2.99
14 OCT 2021,3.05
21 OCT 2021,3.09
28 OCT 2021,3.14
4 NOV 2021,3.09
11 NOV 2021,2.98
18 NOV 2021,3.10
25 NOV 2021,3.10
2 DEC 2021,3.11
9 DEC 2021,3.10
16 DEC 2021,3.12
23 DEC 2021,3.05
30 DEC 2021,3.11
6 JAN 2022,3.22
13 JAN 2022,3.45
20 JAN 2022,3.56
27 JAN 2022,3.55
3 FEB 2022,3.55
10 FEB 2022,3.69
17 FEB 2022,3.92
24 FEB 2022,3.89
3 MAR 2022,3.76
10 MAR 2022,3.85
17 MAR 2022,4.16
24 MAR 2022,4.42
31 MAR 2022,4.67
7 APR 2022,4.72
14 APR 2022,5.00
21 APR 2022,5.11
28 APR 2022,5.10
5 MAY 2022,5.27
12 MAY 2022,5.30
19 MAY 2022,5.25
26 MAY 2022,5.10
2 JUN 2022,5.09
9 JUN 2022,5.23
16 JUN 2022,5.78
23 JUN 2022,5.81
30 JUN 2022,5.70
7 JUL 2022,5.30
14 JUL 2022,5.51
21 JUL 2022,5.54
28 JUL 2022,5.30
4 AUG 2022,4.99
11 AUG 2022,5.22
18 AUG 2022,5.13
25 AUG 2022,5.55
1 SEP 2022,5.66
8 SEP 2022,5.89
15 SEP 2022,6.02
22 SEP 2022,6.29
29 SEP 2022,6.70
6 OCT 2022,6.66
13 OCT 2022,6.92
20 OCT 2022,6.94
27 OCT 2022,7.08
3 NOV 2022,6.95
10 NOV 2022,7.08
17 NOV 2022,6.61
24 NOV 2022,6.58
1 DEC 2022,6.49
8 DEC 2022,6.33
15 DEC 2022,6.31
22 DEC 2022,6.27
29 DEC 2022,6.42
5 JAN 2023,6.48
12 JAN 2023,6.33
19 JAN 2023,6.15
26 JAN 2023,6.13
2 FEB 2023,6.09
9 FEB 2023,6.12